ID,Category,Subcategory,Stratum,Frequency,Word,Auditory,Visual,Haptic,Gustatory,Olfactory,Interoceptive,Dominant_modalities,Dominant_modality,Maximum_perceptual_strength,Iconicity,Modality_exclusivity
510,Verb,NA,Native,8733,shimeru,1.272727273,2.818181818,1,1.090909091,0.818181818,1.636363636,Visual,Visual,2.818181818,-1.083333333,23.15789474
509,Noun,NA,Native,14276,chichi,3,3.6,3.1,0.1,2.2,1.7,Visual,Visual,3.6,-0.916666667,25.54744526
208,Adjective,NA,Native,1619,kigaruna,1.454545455,1.363636364,0.727272727,0.181818182,0.454545455,2.454545455,Interoceptive,Interoceptive,2.454545455,-0.8,34.24657534
508,Noun,NA,Native,12466,migi,2.727272727,4.272727273,2.272727273,0,0.545454545,2.909090909,Visual,Visual,4.272727273,-0.727272727,33.57142857
507,Noun,NA,Native,32546,subete,3.6,4,2.6,2.1,1.8,3.7,Visual,Visual,4,-0.692307692,12.35955056
506,Adjective,NA,Loaned,674,rookaruna,1.9,3.3,1.2,1.2,1.3,1.8,Visual,Visual,3.3,-0.615384615,19.62616822
505,Adjective,NA,Native,937,yakuzana,1.4,2.2,1,0,0.9,0.8,Visual,Visual,2.2,-0.6,34.92063492
207,Noun,NA,Sino-Japanese,12323,jiko_self,1,2.1,1.2,1.2,0.9,2.9,Interoceptive,Interoceptive,2.9,-0.555555556,21.50537634
504,Noun,NA,Sino-Japanese,10219,sochi,0.454545455,2.545454545,1,0.272727273,0.090909091,0.909090909,Visual,Visual,2.545454545,-0.352941176,46.55172413
503,Noun,NA,Sino-Japanese,10951,kibo,1.916666667,4,1.666666667,0.083333333,0.833333333,2.583333333,Visual,Visual,4,-0.272727273,35.33834587
206,Ideophone,Reduplicated,Ideophonic,1,gikugiku,2.454545455,2.090909091,2.181818182,0.363636364,0.545454545,2.636363636,Interoceptive,Interoceptive,2.636363636,-0.230769231,22.1238938
502,Adjective,NA,Native,3486,yoroshii,2.545454545,2.909090909,2.363636364,1.636363636,1.454545455,2.272727273,Visual,Visual,2.909090909,-0.111111111,11.03448275
205,Function_word,NA,Native,144088,tame,1,1.5,0.5,0.5,0.5,2,Interoceptive,Interoceptive,2,-0.0625,25
204,Adjective,NA,Loaned,1501,furuna,1.4,2.9,1.8,0.9,0.2,3.9,Interoceptive,Interoceptive,3.9,-0.058823529,33.33333333
203,Verb,NA,Native,4670,heru_pass,0.454545455,1.545454545,0.454545455,0.181818182,0.090909091,2.545454545,Interoceptive,Interoceptive,2.545454545,0,46.55172413
501,Noun,NA,Loaned,9811,burogu,0.9,4,0.2,0.1,0,0.8,Visual,Visual,4,0.071428571,66.66666667
202,Adjective,NA,Native,1965,hayamena,2.2,1.7,0.7,0,0,2.8,Interoceptive,Interoceptive,2.8,0.083333333,37.83783784
500,Noun,NA,Native,4423,tatakai,2.8,3.5,2.2,0.2,0.6,2,Visual,Visual,3.5,0.111111111,29.20353982
230,Verb,NA,Native,2129,hodokosu,0.6,1.9,1.9,0,0.4,1.6,"Visual, Haptic",NA,1.9,0.125,29.6875
35,Noun,NA,Native,67251,wake,1.9,1,0.2,0.2,0.2,1.2,Auditory,Auditory,1.9,0.166666667,36.17021277
84,Verb,NA,Native,6169,tsukeru,1.545454545,3.272727273,4,0.818181818,0.909090909,2.909090909,Haptic,Haptic,4,0.176470588,23.64864865
499,Adjective,NA,Native,1684,matomona,1.909090909,3.454545455,1.272727273,1.636363636,1.545454545,2.363636364,Visual,Visual,3.454545455,0.176470588,17.91044776
201,Adjective,NA,Native,453,tayasui,1.363636364,1.363636364,0.909090909,0.272727273,0.454545455,2.727272727,Interoceptive,Interoceptive,2.727272727,0.2,34.6153846
498,Adjective,NA,Sino-Japanese,1682,bujina,2.083333333,3.583333333,3.083333333,1.25,1.583333333,3.416666667,Visual,Visual,3.583333333,0.230769231,15.55555555
497,Noun,NA,Sino-Japanese,16996,gogo,2.090909091,3.636363636,0.636363636,0.363636364,1,3.545454545,Visual,Visual,3.636363636,0.266666667,29.03225806
496,Noun,NA,Native,6558,tegami,1.4,4.5,3.5,0,1.7,1.4,Visual,Visual,4.5,0.3,36
200,Verb,NA,Native,12145,kakawaru,1.4,2.3,1.5,0,0.5,3.1,Interoceptive,Interoceptive,3.1,0.333333333,35.22727273
34,Adjective,NA,Native,1030,majina,1.727272727,1.636363636,0.636363636,0.818181818,0.454545455,1.636363636,Auditory,Auditory,1.727272727,0.333333333,18.42105262
199,Noun,NA,Sino-Japanese,13156,jiki,2.230769231,2.692307692,1.307692308,1.615384615,1.692307692,2.769230769,Interoceptive,Interoceptive,2.769230769,0.333333333,11.875
198,Noun,NA,Sino-Japanese,8957,kako,2.727272727,2.454545455,2,1.727272727,2.090909091,3.090909091,Interoceptive,Interoceptive,3.090909091,0.384615385,9.677419357
495,Adjective,NA,Native,6521,mijikai,1.692307692,3.846153846,2.076923077,0.461538462,0.615384615,2.230769231,Visual,Visual,3.846153846,0.4,30.98591549
33,Verb,NA,Native,25996,yobu,4.454545455,2.909090909,0.818181818,0.363636364,0.545454545,3.090909091,Auditory,Auditory,4.454545455,0.416666667,33.58208955
197,Noun,NA,Native,4390,hataraki,2.416666667,3,2.75,1.25,1.583333333,3.166666667,Interoceptive,Interoceptive,3.166666667,0.416666667,13.52941177
494,Verb,NA,Native,10854,kotonaru,3.2,4,2.7,2.4,2.1,2.2,Visual,Visual,4,0.428571429,11.44578313
196,Verb,NA,Native,2081,sumaseru,1,1.6,0.2,0.3,0.1,2.2,Interoceptive,Interoceptive,2.2,0.428571429,38.88888889
233,Ideophone,Reduplicated,Ideophonic,1228,barabara,2.818181818,4.454545455,3.363636364,1.454545455,0.545454545,2.272727273,Visual,Visual,4.454545455,NA,26.2195122
195,Noun,NA,Native,12810,kami,1.3,1,0.5,0,0.2,1.9,Interoceptive,Interoceptive,1.9,0.454545455,38.7755102
491,Noun,NA,Native,8157,higashi,1,3.583333333,0.25,0.416666667,0.416666667,2,Visual,Visual,3.583333333,0.461538462,43.47826086
492,Noun,NA,Native,24461,kuni,2,3,0.7,1.6,1.5,0.7,Visual,Visual,3,0.461538462,24.21052632
490,Noun,NA,Native,139000,tsuki,0.8,4.2,0.1,0.1,0,1.8,Visual,Visual,4.2,0.476190476,60
488,Adjective,NA,Sino-Japanese,1568,fuseina,2.3,3.4,1.5,0.1,0.7,3.1,Visual,Visual,3.4,0.5,29.72972973
489,Adjective,NA,Native,2116,kogatana,0.692307692,3,2.076923077,0.461538462,0.384615385,1.307692308,Visual,Visual,3,0.5,33.00970873
48,Noun,NA,Native,6943,kusuri,1.076923077,3.230769231,2.692307692,4,3.230769231,3.153846154,Gustatory,Gustatory,4,0.538461538,16.81415929
487,Verb,NA,Native,5962,yokeru,2.454545455,4.363636364,3,0.545454545,0.818181818,3.272727273,Visual,Visual,4.363636364,0.538461538,26.41509434
486,Adjective,NA,Native,1360,yabai,3.7,4.4,2.8,2.8,3.1,4.3,Visual,Visual,4.4,0.545454545,7.582938389
485,Verb,NA,Native,6123,shireru,2.818181818,3.545454545,2.090909091,1.363636364,1.272727273,3.454545455,Visual,Visual,3.545454545,0.576923077,15.62499999
484,Verb,NA,Native,2281,michibiku,1.5,2.7,2.1,0.3,0.6,1.1,Visual,Visual,2.7,0.583333333,28.91566265
483,Verb,NA,Native,3850,shiharau,1.272727273,3.454545455,3.090909091,0.090909091,0.181818182,3.363636364,Visual,Visual,3.454545455,0.6,29.36507936
482,Noun,NA,Native,56268,kodomo,3,4,2.3,0.3,1.3,2.3,Visual,Visual,4,0.6,28.03030303
481,Adjective,NA,Sino-Japanese,3665,sutekina,3.4,3.9,2.3,1.8,2.5,3.1,Visual,Visual,3.9,0.625,12.35294118
480,Function_word,NA,Native,9834,yori,2.363636364,3.363636364,1.090909091,1.363636364,1,2,Visual,Visual,3.363636364,0.647058824,21.13821138
479,Noun,NA,Native,10657,tsuma,2.454545455,4.181818182,1.909090909,1.090909091,1.818181818,1.727272727,Visual,Visual,4.181818182,0.65,23.44827586
478,Noun,NA,Native,9056,shikata,0.7,1.3,0.4,0,0,0.8,Visual,Visual,1.3,0.692307692,40.625
477,Noun,NA,Native,4485,midori,1.2,4.8,1.7,1.3,2.4,2.3,Visual,Visual,4.8,0.714285714,26.27737226
476,Verb,NA,Native,6694,yuku,1.272727273,2.181818182,0.090909091,0.090909091,0.090909091,1.909090909,Visual,Visual,2.181818182,0.75,37.09677419
194,Noun,NA,Native,143440,toki,3.2,3.7,1.3,1.5,1.7,3.9,Interoceptive,Interoceptive,3.9,0.764705882,16.99346405
193,Adjective,NA,Native,314,nikui,0.6,2.5,0.6,0.2,0.4,3.8,Interoceptive,Interoceptive,3.8,0.777777778,44.44444444
475,Noun,NA,Native,13572,mukashi,1.666666667,3,1.25,1.5,2.25,2.916666667,Visual,Visual,3,0.785714286,13.90728477
192,Noun,NA,Native,9294,tachiba,1.307692308,2,0.692307692,0.307692308,0.384615385,2.846153846,Interoceptive,Interoceptive,2.846153846,0.8,33.67346938
474,Adjective,NA,Native,806,tegaruna,0.7,2,1.9,1.3,0.5,1.7,Visual,Visual,2,0.8,18.51851852
32,Function_word,NA,Native,"16,627",koso,1.8,1.2,0.3,0,0,1.7,Auditory,Auditory,1.8,0.80952381,36
191,Noun,NA,Native,20837,kimochi,1.2,1.7,1.3,0.4,0.7,4.3,Interoceptive,Interoceptive,4.3,0.8125,40.625
473,Verb,NA,Native,3078,kuwawaru,1.153846154,2.461538462,0.769230769,0.692307692,0.692307692,2.153846154,Visual,Visual,2.461538462,0.823529412,22.3300971
189,Adjective,NA,Native,2557,mijikana,2.363636364,3.272727273,1.727272727,1.727272727,2,3.545454545,Interoceptive,Interoceptive,3.545454545,0.833333333,12.42236025
190,Adjective,NA,Loaned,541,noomaruna,1.833333333,2.666666667,2.25,1.916666667,1.666666667,3,Interoceptive,Interoceptive,3,0.833333333,9.999999997
472,Noun,NA,Loaned,7620,moderu,1.181818182,4.545454545,1,0.363636364,0.818181818,1.272727273,Visual,Visual,4.545454545,0.842105263,45.54455445
470,Verb,NA,Native,6307,chikazuku,3.272727273,4.272727273,2.090909091,1,2.636363636,2.363636364,Visual,Visual,4.272727273,0.875,20.93023256
83,Verb,NA,Native,4583,tatakau,2.3,2.6,3,0.9,0.9,2.2,Haptic,Haptic,3,0.875,17.64705882
471,Noun,NA,Loaned,4544,kurasu,2,3,1.6,0,1,1.2,Visual,Visual,3,0.875,34.09090909
234,Ideophone,CVCCVri,Ideophonic,498,batchiri,1.818181818,3.818181818,1.909090909,2.090909091,0.818181818,1.909090909,Visual,Visual,3.818181818,NA,24.26470588
468,Noun,NA,Sino-Japanese,18206,shugi,2.9,3.2,0.8,0.5,0.6,2.6,Visual,Visual,3.2,0.909090909,25.47169811
467,Verb,NA,Native,6233,tsureru,0.6,2.5,1.7,0.1,0.2,2.3,Visual,Visual,2.5,0.923076923,32.43243243
31,Verb,NA,Native,11851,noberu,2.454545455,1.181818182,0.636363636,0.090909091,0.181818182,1.272727273,Auditory,Auditory,2.454545455,0.928571429,40.625
466,Adjective,NA,Native,3805,komakai,3,4.3,4.1,1.8,0.9,2.5,Visual,Visual,4.3,0.933333333,20.48192771
188,Verb,NA,Native,6058,naku,2.818181818,3.181818182,1.818181818,0.909090909,0.727272727,3.818181818,Interoceptive,Interoceptive,3.818181818,0.933333333,23.28767123
229,Function_word,NA,Native,2955,saseru,1.3,2,2,0.6,0.7,2,"Visual, Haptic, Interoception",NA,2,0.941176471,16.27906977
465,Adjective,NA,Native,842,takumina,2.166666667,3.5,2.333333333,1.333333333,0.75,2.75,Visual,Visual,3.5,0.944444444,21.42857143
463,Verb,NA,Native,2278,kowareru,3,3.8,3,0.8,1.2,2.8,Visual,Visual,3.8,1,20.54794521
81,Ideophone,N-suffixed,Ideophonic,12,pekon,2.833333333,3.083333333,3.416666667,0.25,0.416666667,2.416666667,Haptic,Haptic,3.416666667,1,25.50335571
82,Verb,NA,Native,18027,toru,1.363636364,3.818181818,4.090909091,0.272727273,0.363636364,2.909090909,Haptic,Haptic,4.090909091,1,29.78723404
185,Verb,NA,Native,1923,fukameru,2.8,3.2,2.5,2.7,1.7,3.5,Interoceptive,Interoceptive,3.5,1,10.97560976
184,Adjective,NA,Loaned,2265,besutona,2.363636364,2.818181818,2.454545455,2.090909091,1.818181818,3.272727273,Interoceptive,Interoceptive,3.272727273,1,9.815950923
461,Adjective,NA,Sino-Japanese,1367,jimina,1.2,3.9,0.3,0.6,0.1,1.1,Visual,Visual,3.9,1,52.77777778
462,Function_word,NA,Native,"30,893",kare,1.9,3.6,2.6,0.4,1.7,1.9,Visual,Visual,3.6,1,26.44628099
186,Adjective,NA,Native,991,shitsukoi,2.153846154,1.615384615,1.076923077,1.230769231,1.076923077,2.769230769,Interoceptive,Interoceptive,2.769230769,1,17.05426356
187,Ideophone,Reduplicated,Ideophonic,56,tsuratsura,1.692307692,1.615384615,0.769230769,0.384615385,0.461538462,1.846153846,Interoceptive,Interoceptive,1.846153846,1,21.59090908
227,Verb,NA,Native,3711,tazuneru,2.8,2.8,0.7,0.2,0.2,2.1,"Auditory, Visual",NA,2.8,1,29.54545455
228,Ideophone,Reduplicated,Ideophonic,4,hiyohiyo,2.272727273,2.636363636,1.818181818,0.181818182,0.272727273,2.636363636,"Visual, Interoceptive",NA,2.636363636,1,24.99999999
464,Adjective,NA,Native,8950,kuwashii,1.7,2.1,0.2,0.4,0.1,1.6,Visual,Visual,2.1,1,32.78688525
30,Noun,NA,Native,41542,hanashi,4.727272727,2.454545455,0.818181818,0.454545455,0.636363636,2.272727273,Auditory,Auditory,4.727272727,1.05,37.59999999
183,Verb,NA,Native,5297,kariru,0.8,2.3,1.7,0.3,0.4,2.4,Interoceptive,Interoceptive,2.4,1.05,26.58227848
460,Verb,NA,Native,56618,shiru,2.8,3.4,2.6,2,2.2,2.8,Visual,Visual,3.4,1.058823529,8.860759494
458,Verb,NA,Native,4892,mitsukaru,2,4.25,1.916666667,0.416666667,1.083333333,2.583333333,Visual,Visual,4.25,1.0625,31.292517
459,Adjective,NA,Native,8585,yasui,2.5,3.333333333,2.166666667,1.666666667,1.333333333,2.666666667,Visual,Visual,3.333333333,1.0625,14.63414634
457,Verb,NA,Native,7800,kiru_put.on,1.4,4.4,3.8,0,0.2,2.2,Visual,Visual,4.4,1.071428571,36.66666667
226,Adjective,NA,Native,1803,marena,1.727272727,3.090909091,1.454545455,1.727272727,0.909090909,3.090909091,"Visual, Interoceptive",NA,3.090909091,1.083333333,18.18181818
456,Function_word,NA,Native,28052,dare,3.454545455,4.363636364,2.454545455,0.727272727,1.818181818,2,Visual,Visual,4.363636364,1.083333333,24.5398773
453,Adjective,NA,Sino-Japanese,6996,fushigina,3.363636364,4.090909091,2.818181818,2.818181818,3,3.909090909,Visual,Visual,4.090909091,1.090909091,6.363636365
225,Verb,NA,Native,29710,chigau,3,3.3,2.9,2.8,2.8,3.3,"Visual, Interoceptive",NA,3.3,1.090909091,2.762430939
287,Ideophone,Reduplicated,Ideophonic,12,birabira,1.3,3.4,2.8,0,0,1.4,Visual,Visual,3.4,2.909090909,38.20224719
455,Verb,NA,Native,6422,tomonau,1,2.2,1.6,0.6,0.5,1.6,Visual,Visual,2.2,1.090909091,22.66666667
224,Verb,NA,Native,5120,yaku,3.5,3.5,2.2,2.1,3.3,1.6,"Auditory, Visual",NA,3.5,1.111111111,11.72839506
452,Verb,NA,Native,3318,wakareru,2.272727273,4.090909091,2.727272727,1,0.454545455,2.818181818,Visual,Visual,4.090909091,1.111111111,27.21088435
451,Adjective,NA,Native,18027,sukunai,2,4.363636364,2.909090909,2.090909091,1,2.909090909,Visual,Visual,4.363636364,1.117647059,22.02380953
449,Verb,NA,Native,8949,nakunaru,3.1,4.3,3.1,3,2.2,3.3,Visual,Visual,4.3,1.125,11.05263158
47,Noun,NA,Native,6370,tamago,1.4,4.5,3.8,4.8,2.8,1.7,Gustatory,Gustatory,4.8,1.125,17.89473684
450,Noun,NA,Loaned,5400,teeburu,0.6,4.6,3.6,0.1,0.5,0.6,Visual,Visual,4.6,1.125,45
448,Verb,NA,Native,3406,kagayaku,1.090909091,4.454545455,0.727272727,0.454545455,0.363636364,2.363636364,Visual,Visual,4.454545455,1.125,43.26923076
182,Verb,NA,Native,4334,tsutomeru,0.3,2,0.5,0.1,0.1,2.5,Interoceptive,Interoceptive,2.5,1.125,43.63636364
447,Noun,NA,Native,35122,shigoto,3.7,4.2,2.4,0.3,0.9,2.7,Visual,Visual,4.2,1.133333333,27.46478873
446,Function_word,NA,Native,1849,hodo,2.5,2.8,1.7,1.2,1.3,2.1,Visual,Visual,2.8,1.133333333,13.79310345
444,Adjective,NA,Sino-Japanese,10990,betsuna,2.1,3.1,3,2.4,2,2.8,Visual,Visual,3.1,1.142857143,7.142857143
445,Adjective,NA,Native,1497,hadena,2,4.7,1.4,0.8,0.4,1.1,Visual,Visual,4.7,1.142857143,41.34615385
181,Verb,NA,Native,3039,kotowaru,1.1,1.5,0.2,0.1,0.1,2,Interoceptive,Interoceptive,2,1.142857143,38
443,Noun,NA,Native,8171,musuko,2.5,3,2.3,0.1,0.8,2.2,Visual,Visual,3,1.153846154,26.60550459
442,Noun,NA,Sino-Japanese,11115,shori,2.3,3.7,2.6,1,1.4,1.8,Visual,Visual,3.7,1.166666667,21.09375
180,Verb,NA,Native,6684,motozuku,1.2,1.5,0.2,0.1,0.1,1.6,Interoceptive,Interoceptive,1.6,1.166666667,31.91489362
440,Verb,NA,Native,6900,kuraberu,3.6,3.9,2.5,2.6,2.2,2.2,Visual,Visual,3.9,1.181818182,10
177,Function_word,NA,Native,14264,koro,2.3,2.8,1.3,1,0.9,4.1,Interoceptive,Interoceptive,4.1,1.181818182,25.80645161
179,Adjective,NA,Native,1203,setsunai,1.6,1.9,0.9,0.3,1.1,4.3,Interoceptive,Interoceptive,4.3,1.181818182,39.6039604
439,Noun,NA,Native,9550,hidari,2.4,4.3,0.7,0,1.2,2.7,Visual,Visual,4.3,1.181818182,38.05309735
178,Verb,NA,Native,2230,naritatsu,0.7,1.6,0.4,0.2,0.1,1.8,Interoceptive,Interoceptive,1.8,1.181818182,35.41666667
441,Function_word,NA,Native,"180,192",nado,1.636363636,1.909090909,1.181818182,1.181818182,1.272727273,1.636363636,Visual,Visual,1.909090909,1.181818182,8.247422677
438,Noun,NA,Sino-Japanese,13525,tochi,0.545454545,4.363636364,1.636363636,0,1.181818182,1.636363636,Visual,Visual,4.363636364,1.2,46.60194175
176,Verb,NA,Native,3649,machigau,2.818181818,2.818181818,1.272727273,0.545454545,0.818181818,2.909090909,Interoceptive,Interoceptive,2.909090909,1.2,21.13821139
437,Adjective,NA,Native,2109,majimena,2.3,3.8,1.4,0.4,0.9,3.2,Visual,Visual,3.8,1.208333333,28.33333333
436,Verb,NA,Native,8359,mitsukeru,3.3,4.7,3.4,1.8,2.4,3.3,Visual,Visual,4.7,1.214285714,15.34391534
435,Adjective,NA,Native,3895,hitoshii,1.2,2.7,1.8,0.8,0.3,2.4,Visual,Visual,2.7,1.214285714,26.08695652
175,Adjective,NA,Sino-Japanese,1058,furina,2.1,3,1.1,0.6,1,3.1,Interoceptive,Interoceptive,3.1,1.222222222,22.93577982
223,Function_word,NA,Native,10195,tsumori,1.909090909,1.727272727,1,0.727272727,0.727272727,1.909090909,"Auditory, Introceptive",NA,1.909090909,1.230769231,14.77272728
434,Adjective,NA,Native,2246,nigatena,3.727272727,4.272727273,3.454545455,3.727272727,3.818181818,4,Visual,Visual,4.272727273,1.235294118,3.557312252
432,Noun,NA,Native,6529,sakana,1.5,3.7,3.2,3.3,3.6,1.7,Visual,Visual,3.7,1.25,12.94117647
433,Noun,NA,Native,13948,soto,3.2,4.1,1.5,0,2,2.7,Visual,Visual,4.1,1.25,30.37037037
431,Noun,NA,Native,9593,kazu,2.333333333,3.75,2.333333333,0.416666667,0.166666667,1.916666667,Visual,Visual,3.75,1.266666667,32.82442748
222,Ideophone,Reduplicated,Ideophonic,2,buwabuwa,1.2,2.7,2.7,0.4,0.6,1.8,"Visual, Haptic",NA,2.7,1.272727273,24.46808511
430,Noun,NA,Native,5118,jimoto,2.8,4.6,1.8,2.6,2.9,3.8,Visual,Visual,4.6,1.285714286,15.13513514
174,Verb,NA,Native,11719,tsuzukeru,2,2.333333333,1.75,0.833333333,1.25,3.083333333,Interoceptive,Interoceptive,3.083333333,1.285714286,20
29,Function_word,NA,Native,1101,kimi,2.818181818,2.545454545,1.363636364,0.181818182,0.818181818,1.363636364,Auditory,Auditory,2.818181818,1.3,29
429,Noun,NA,Native,11200,yama,1.4,4.5,0.8,0,1.5,1.3,Visual,Visual,4.5,1.307692308,47.36842105
80,Verb,NA,Native,5981,haru,2.272727273,4.181818182,4.727272727,0.636363636,1.090909091,1.818181818,Haptic,Haptic,4.727272727,1.315789474,27.77777778
28,Verb,NA,Native,2176,shiraseru,4.2,3.6,2.1,0.5,0.8,2.7,Auditory,Auditory,4.2,1.333333333,26.61870504
79,Verb,NA,Native,3888,toridasu,1.727272727,3.909090909,4.272727273,0.818181818,0.818181818,1.636363636,Haptic,Haptic,4.272727273,1.333333333,26.20689656
425,Noun,NA,Native,30231,kuruma,3.3,3.9,2.7,0.1,1.7,1.4,Visual,Visual,3.9,1.333333333,29.00763359
426,Verb,NA,Native,5715,motarasu,1.181818182,3.181818182,1.727272727,1.181818182,0.909090909,2.090909091,Visual,Visual,3.181818182,1.333333333,22.12389381
427,Verb,NA,Native,8855,niru,2,4.4,1.6,1.7,1.3,1.7,Visual,Visual,4.4,1.333333333,24.40944882
428,Function_word,NA,Native,"30,893",shika,2.2,3,1.9,1.2,0.7,1.8,Visual,Visual,3,1.333333333,21.2962963
173,Adjective,NA,Native,3206,kurushii,1.2,2.3,1.1,1,1.4,4.1,Interoceptive,Interoceptive,4.1,1.357142857,27.92792793
172,Adjective,NA,Native,1632,hisokana,2.727272727,2.454545455,1.545454545,1.272727273,1.545454545,3.181818182,Interoceptive,Interoceptive,3.181818182,1.363636364,15
424,Noun,NA,Native,24927,kashira,1.7,3.5,1.9,0.3,0.3,2,Visual,Visual,3.5,1.363636364,32.98969072
171,Verb,NA,Native,13856,hajimaru,2.363636364,2,0.636363636,0.090909091,0.181818182,2.909090909,Interoceptive,Interoceptive,2.909090909,1.363636364,34.44444444
221,Noun,NA,Loaned,7736,reberu,1.818181818,2.909090909,2.090909091,1.090909091,1.090909091,2.545454545,"Visual, Haptic",NA,2.909090909,1.363636364,15.7480315
423,Noun,NA,Native,20691,katachi,1.6,4.8,4.2,2.1,0.7,2,Visual,Visual,4.8,1.375,26.62337662
422,Adjective,NA,Sino-Japanese,9372,gyakuna,1.3,3.2,0.7,0.3,0.1,1.3,Visual,Visual,3.2,1.375,44.92753623
421,Verb,NA,Native,1994,hazureru,3.090909091,4.090909091,3,0.909090909,0.545454545,3.272727273,Visual,Visual,4.090909091,1.384615385,23.78048781
170,Verb,NA,Native,15455,matsu,2.090909091,3.090909091,0.727272727,0.636363636,0.636363636,3.181818182,Interoceptive,Interoceptive,3.181818182,1.384615385,24.56140352
169,Noun,NA,Native,46764,karada,2.3,3.2,3.4,1.7,1.9,3.5,Interoceptive,Interoceptive,3.5,1.388888889,11.25
168,Adjective,NA,Native,773,nibui,2,2.2,1.4,1.3,1.1,3.4,Interoceptive,Interoceptive,3.4,1.4,20.1754386
420,Noun,NA,Native,20026,sugata,1,4.7,1.7,0.2,0.3,2.2,Visual,Visual,4.7,1.4,44.55445545
220,Function_word,NA,Native,435,yagaru,1.2,1.2,0.3,0,0,1,"Auditory, Visual",NA,1.2,1.4,32.43243243
419,Verb,NA,Native,5289,nigeru,1.7,3.5,0.4,0.2,0.1,2.8,Visual,Visual,3.5,1.416666667,39.08045977
46,Adjective,NA,Loaned,652,gurumena,2.3,3.8,2.3,4.9,4.4,3.2,Gustatory,Gustatory,4.9,1.428571429,12.44019139
418,Noun,NA,Loaned,8415,hoteru,2.3,4.4,2.2,1.3,1.4,1.8,Visual,Visual,4.4,1.428571429,23.13432836
416,Verb,NA,Native,9267,hanareru,2.1,3.8,2.6,0.8,1.3,2.1,Visual,Visual,3.8,1.444444444,23.62204724
417,Noun,NA,Native,6110,kawari,1.7,2.4,1,0.7,0.2,1.2,Visual,Visual,2.4,1.444444444,30.55555556
219,Noun,NA,Sino-Japanese,10636,jiko_accident,4.6,4.6,3.2,0.5,2.2,3.7,"Auditory, Visual",NA,4.6,1.461538462,21.80851064
415,Verb,NA,Native,15823,miseru,2,5,2.8,1,0.8,2.9,Visual,Visual,5,1.461538462,28.96551724
45,Noun,NA,Native,26225,mizu,4.2,4.4,4.1,4.7,2.4,3,Gustatory,Gustatory,4.7,1.5,10.0877193
167,Verb,NA,Native,5953,yorokobu,3.2,4.1,2.5,2.2,1.3,4.3,Interoceptive,Interoceptive,4.3,1.5,17.04545455
414,Adjective,NA,Native,558,komakana,1.727272727,3.818181818,2.909090909,1.363636364,1,3,Visual,Visual,3.818181818,1.5,20.39473684
164,Adjective,NA,Loaned,1243,haina,2,1.9,1,0.3,0.8,2.8,Interoceptive,Interoceptive,2.8,1.5,28.40909091
165,Verb,NA,Native,10480,hajimeru,1.1,2.1,1.3,0,0.1,2.8,Interoceptive,Interoceptive,2.8,1.5,37.83783784
166,Verb,NA,Native,2365,makaseru,0.5,2.4,0.9,0,0.1,2.5,Interoceptive,Interoceptive,2.5,1.5,39.0625
413,Function_word,NA,Native,194228,dekiru,2.1,2.4,1.7,0.3,0.6,1.8,Visual,Visual,2.4,1.5,23.59550562
412,Noun,NA,Sino-Japanese,19568,heya,1.1,3.3,1.5,0,1.5,1.4,Visual,Visual,3.3,1.529411765,37.5
163,Noun,NA,Native,3423,chikara,1.3,2.9,3.5,0.7,0.2,4.5,Interoceptive,Interoceptive,4.5,1.533333333,32.82442748
411,Function_word,NA,Native,"13,612",tsutsu,2.2,2.9,1.6,1.2,1.3,1.7,Visual,Visual,2.9,1.533333333,15.59633028
161,Adjective,NA,Sino-Japanese,6459,bakana,2.6,2.9,0.5,0.1,0.3,3.1,Interoceptive,Interoceptive,3.1,1.538461538,31.57894737
162,Function_word,NA,Native,"21,067",rashii,2.1,2,1,0.7,0.6,2.3,Interoceptive,Interoceptive,2.3,1.538461538,19.54022989
159,Adjective,NA,Native,3676,kanashii,2.3,3.1,0.3,0.1,0.1,4.4,Interoceptive,Interoceptive,4.4,1.545454545,41.74757282
410,Noun,NA,Native,14917,michi,1.6,4.2,1.2,0,0.9,1.4,Visual,Visual,4.2,1.545454545,45.16129032
160,Verb,NA,Native,13456,wasureru,1.8,1.8,0.5,0.9,1.2,2.6,Interoceptive,Interoceptive,2.6,1.545454545,23.86363636
409,Noun,NA,Sino-Japanese,9264,jimu,2.454545455,3.363636364,1.545454545,0,0.545454545,2,Visual,Visual,3.363636364,1.55,33.94495413
408,Adjective,NA,Loaned,1034,mejaana,2.8,3.3,1.7,2.1,1.6,1.8,Visual,Visual,3.3,1.555555556,12.78195489
27,Function_word,NA,Native,"630,493",desu,2,1.2,0.5,0.5,0.6,1.2,Auditory,Auditory,2,1.5625,25
406,Noun,NA,Native,145992,hito,3.454545455,4.272727273,3.545454545,0.636363636,2.636363636,3.090909091,Visual,Visual,4.272727273,1.571428571,20.61855671
407,Adjective,NA,Loaned,604,sekushiina,2.3,4.6,1.5,0.4,1.8,2.7,Visual,Visual,4.6,1.571428571,31.57894737
405,Verb,NA,Native,1843,sashidasu,1.1,3.4,2.2,0.1,0.5,1.5,Visual,Visual,3.4,1.583333333,37.5
44,Verb,NA,Native,30988,taberu,2.7,3.3,3.7,5,4.2,4.3,Gustatory,Gustatory,5,1.6,9.913793103
158,Adjective,NA,Native,6832,kowai,3.4,4,2.3,0.7,0.9,4.4,Interoceptive,Interoceptive,4.4,1.6,23.56687898
404,Noun,NA,Sino-Japanese,10412,kachi,2.1,3.4,2.6,1.9,1.7,2,Visual,Visual,3.4,1.6,12.40875912
157,Adjective,NA,Native,785,hisashii,2.2,2,1.3,1.8,1.8,2.3,Interoceptive,Interoceptive,2.3,1.6,8.771929825
156,Function_word,NA,Native,2488,tagaru,2.545454545,2.818181818,2.363636364,1.727272727,1.363636364,3.454545455,Interoceptive,Interoceptive,3.454545455,1.615384615,14.64968153
403,Noun,NA,Sino-Japanese,15622,toshi,2.5,3.6,0.3,0.1,1,1.5,Visual,Visual,3.6,1.615384615,38.88888889
235,Ideophone,Reduplicated,Ideophonic,407,burabura,2.181818182,2.727272727,1.545454545,0.090909091,0.272727273,2.454545455,Visual,Visual,2.727272727,NA,28.43137254
401,Noun,NA,Native,9816,mune,1.4,3.1,2.9,0.6,0.9,2.8,Visual,Visual,3.1,1.625,21.36752137
402,Noun,NA,Native,10746,sora,1,4.416666667,0.666666667,0.333333333,1.166666667,2.583333333,Visual,Visual,4.416666667,1.625,40.16393443
155,Verb,NA,Native,12502,hataraku,1.3,2.4,1.7,0.1,0.3,2.8,Interoceptive,Interoceptive,2.8,1.625,31.39534884
78,Verb,NA,Native,7013,daku,1.636363636,3.090909091,4.090909091,0.545454545,1.909090909,3,Haptic,Haptic,4.090909091,1.636363636,24.84076434
399,Adjective,NA,Native,9418,tadashii,2.727272727,3.727272727,2.090909091,1.545454545,1.545454545,3.454545455,Visual,Visual,3.727272727,1.636363636,14.45783133
26,Verb,NA,Native,52290,kuru,4.1,4,1.3,0.4,2,3.3,Auditory,Auditory,4.1,1.642857143,24.50331126
398,Noun,NA,Loaned,5133,kamera,1.4,3.7,2.1,0.1,0.1,1.5,Visual,Visual,3.7,1.642857143,40.4494382
397,Noun,NA,Native,8892,kagiri,0.916666667,2.666666667,1.833333333,0.333333333,0.583333333,2.166666667,Visual,Visual,2.666666667,1.642857143,27.4509804
25,Adjective,NA,Native,5513,shizukana,4.2,2.2,0.6,0,0.9,2.9,Auditory,Auditory,4.2,1.647058824,38.88888889
339,Ideophone,Ri-suffixed,Ideophonic,93,burari,0.909090909,3.181818182,1.090909091,0.181818182,0.363636364,2.818181818,Visual,Visual,3.181818182,2.153846154,35.10638298
154,Verb,NA,Native,5180,torikumu,1.470588235,3.294117647,3.352941176,0.647058824,0.882352941,3.647058824,Interoceptive,Interoceptive,3.647058824,1.666666667,22.56637168
218,Noun,NA,Loaned,12384,terebi,4.454545455,4.454545455,0.545454545,0.545454545,0.363636364,2.636363636,"Auditory, Visual",NA,4.454545455,1.666666667,31.46853147
392,Adjective,NA,Native,20019,hoshii,2.5,4.2,2.7,2.5,1.6,3.8,Visual,Visual,4.2,1.666666667,15.02890173
395,Verb,NA,Native,6614,wakeru,2.363636364,3.818181818,3.545454545,2,1.818181818,2.272727273,Visual,Visual,3.818181818,1.666666667,12.64367816
391,Adjective,NA,Native,13727,chikai,2.307692308,4,2.615384615,0.923076923,1.384615385,2.923076923,Visual,Visual,4,1.666666667,21.73913044
393,Verb,NA,Native,2474,kodawaru,2.636363636,3.727272727,2.454545455,2.909090909,1.818181818,2.454545455,Visual,Visual,3.727272727,1.666666667,11.93181818
394,Adjective,NA,Native,5178,kuroi,0.8,4.9,0.4,0.2,0.1,1.2,Visual,Visual,4.9,1.666666667,63.15789474
153,Function_word,NA,Native,"111,191",tara,1.2,0.3,0.1,0,0.2,1.6,Interoceptive,Interoceptive,1.6,1.666666667,47.05882353
152,Verb,NA,Native,4789,nukeru,3.1,3.1,2.9,1.3,1.2,3.8,Interoceptive,Interoceptive,3.8,1.6875,16.88311688
390,Noun,NA,Loaned,11287,deeta,1,2.923076923,0.769230769,0.307692308,0.307692308,1.230769231,Visual,Visual,2.923076923,1.692307692,39.99999999
389,Noun,NA,Native,13517,musume,1.5,3.8,1.3,0.1,0.4,1.4,Visual,Visual,3.8,1.705882353,43.52941176
388,Noun,NA,Loaned,124559,meeru,1.6,4.5,0.5,0,0,0.7,Visual,Visual,4.5,1.714285714,61.64383562
387,Verb,NA,Native,3412,naraberu,1.4,4.5,3.8,0.6,0.3,2.8,Visual,Visual,4.5,1.727272727,31.34328358
386,Verb,NA,Native,6606,hirogaru,1.4,4,1.2,1.5,1.5,2,Visual,Visual,4,1.727272727,24.13793103
385,Adjective,NA,Native,22375,nagai,2.8,4.6,3.4,0.4,0.3,2.6,Visual,Visual,4.6,1.733333333,30.4964539
43,Adjective,NA,Native,483,shibui,0.909090909,1.545454545,0.727272727,3.727272727,1.909090909,2.090909091,Gustatory,Gustatory,3.727272727,1.733333333,27.5
384,Noun,NA,Native,9028,mawari,1.9,4.1,1.8,0.4,1,1.5,Visual,Visual,4.1,1.736842105,34.57943925
400,Ideophone,Ri-suffixed,Ideophonic,10,busuri,3.2,3.5,3.2,0.3,0.1,3.3,Visual,Visual,3.5,1.625,25
151,Noun,NA,Native,34724,kokoro,1.4,1,0.4,0.1,0.1,4.3,Interoceptive,Interoceptive,4.3,1.764705882,57.53424658
382,Function_word,NA,Native,"163,045",made,2.181818182,3.090909091,2,1.090909091,0.818181818,2.909090909,Visual,Visual,3.090909091,1.764705882,18.79699248
381,Function_word,NA,Native,25540,dono,2.363636364,2.909090909,2.363636364,1.454545455,1.545454545,2.454545455,Visual,Visual,2.909090909,1.764705882,11.11111111
42,Adjective,NA,Native,11698,oishii,1.1,3,1.1,4.9,3.7,3.3,Gustatory,Gustatory,4.9,1.777777778,22.22222222
150,Noun,NA,Native,10762,yume,2.545454545,3.272727273,1.727272727,1.636363636,1.454545455,4.181818182,Interoceptive,Interoceptive,4.181818182,1.777777778,18.40490797
380,Verb,NA,Native,1836,tobikomu,2.4,3.6,2.9,0.2,0.5,3,Visual,Visual,3.6,1.777777778,26.98412698
378,Noun,NA,Sino-Japanese,23724,basho,2.454545455,4.090909091,1.818181818,1.272727273,1.636363636,3.454545455,Visual,Visual,4.090909091,1.785714286,19.13580247
379,Verb,NA,Native,33519,dasu,1.846153846,2.846153846,2.076923077,0.846153846,1.230769231,2.461538462,Visual,Visual,2.846153846,1.785714286,17.68707483
217,Noun,NA,Native,5712,namida,1.1,3.2,2.4,1.3,0.4,3.2,"Visual, Interoceptive",NA,3.2,1.8,24.13793103
376,Verb,NA,Native,4060,tasukeru,2.818181818,3.636363636,2.363636364,0.181818182,1.090909091,3.181818182,Visual,Visual,3.636363636,1.8,26.02739726
375,Verb,NA,Native,2310,kakureru,1.3,3.2,0.8,0.5,0.5,2.2,Visual,Visual,3.2,1.8,31.76470588
377,Adjective,NA,Native,1034,toboshii,1,3,0.9,1.5,1.6,2.5,Visual,Visual,3,1.8,20
374,Verb,NA,Native,1838,tetsudau,2.636363636,3.818181818,2.818181818,0.727272727,0.545454545,2.272727273,Visual,Visual,3.818181818,1.8125,25.5319149
24,Ideophone,Reduplicated,Ideophonic,27,kutsukutsu,4.1,3.3,1.6,0.8,1.7,2.7,Auditory,Auditory,4.1,1.818181818,23.23943662
149,Verb,NA,Native,5208,heru_decrease,1.9,3.6,2.4,1,0.7,3.7,Interoceptive,Interoceptive,3.7,1.818181818,22.55639098
148,Adjective,NA,Native,5563,tsurai,2,2.636363636,2.181818182,0.818181818,1.636363636,4,Interoceptive,Interoceptive,4,1.823529412,23.97260274
372,Verb,NA,Native,2078,kasanaru,2.4,4.3,3.1,1.4,1.3,2,Visual,Visual,4.3,1.857142857,20.68965517
373,Noun,NA,Native,6606,nagare,2.4,3.9,1.7,0,0.3,1.9,Visual,Visual,3.9,1.857142857,38.23529412
371,Function_word,NA,Native,"267,279",sore,2.1,3.9,2,1.1,0.7,1.1,Visual,Visual,3.9,1.866666667,29.35779817
370,Function_word,NA,Native,54738,soko,2.090909091,3.636363636,2.545454545,0.545454545,1.272727273,2.363636364,Visual,Visual,3.636363636,1.875,24.81751825
368,Verb,NA,Native,4317,takameru,2.7,3.7,2.6,1.9,2,3.5,Visual,Visual,3.7,1.888888889,10.97560976
288,Ideophone,Reduplicated,Ideophonic,24,charachara,3.545454545,4.363636364,2.636363636,0.454545455,1,2,Visual,Visual,4.363636364,2.888888889,27.92207792
369,Verb,NA,Native,2646,yoru_approach,2.3,3.4,1.8,0.1,1.1,2.7,Visual,Visual,3.4,1.888888889,28.94736842
216,Function_word,NA,Native,24648,mama,1.636363636,2.272727273,1.454545455,1,0.909090909,2.272727273,"Visual, Interoceptive",NA,2.272727273,1.9,14.28571429
365,Adjective,NA,Native,1613,kitanai,2.181818182,4.545454545,3.545454545,1.090909091,4.363636364,3,Visual,Visual,4.545454545,1.909090909,18.44660194
363,Adjective,NA,Native,7862,furui,1.727272727,4,2.727272727,2.545454545,3.272727273,2.090909091,Visual,Visual,4,1.909090909,13.88888889
364,Adjective,NA,Native,10974,hikui,3.454545455,4.727272727,2.181818182,0.363636364,0.363636364,1.909090909,Visual,Visual,4.727272727,1.909090909,33.56643356
366,Noun,NA,Native,21098,shita,1,3.636363636,1.272727273,0.090909091,0.363636364,1.909090909,Visual,Visual,3.636363636,1.909090909,42.85714285
147,Adjective,NA,Native,1943,kitsui,2.153846154,2.615384615,2,2.153846154,2.538461538,4.076923077,Interoceptive,Interoceptive,4.076923077,1.916666667,13.36633663
214,Adjective,NA,Native,302,nurui,0.7,2.1,3.5,2.2,0.5,3.5,"Haptic, Interoceptive",NA,3.5,1.923076923,24
215,Adjective,NA,Native,4170,shitashii,2,3.583333333,2.666666667,0.5,1.666666667,3.583333333,"Visual, Interoceptive",NA,3.583333333,1.923076923,22.02380952
362,Verb,NA,Native,6237,mitsumeru,1,5,1.181818182,0.272727273,0.363636364,2.090909091,Visual,Visual,5,1.923076923,47.70642201
146,Ideophone,N-suffixed,Ideophonic,68,gakun,2.333333333,2.916666667,2.25,0.25,0.166666667,4.083333333,Interoceptive,Interoceptive,4.083333333,1.928571429,32.63888888
361,Adjective,NA,Native,2917,tashikana,2.8,3.8,2.5,1.5,1.5,2.9,Visual,Visual,3.8,1.928571429,15.33333333
360,Adjective,NA,Native,26777,warui,2.636363636,3.818181818,2.090909091,2,1.909090909,3.454545455,Visual,Visual,3.818181818,1.944444444,12
145,Noun,NA,Native,10315,kotoshi,0.9,1.1,0,0.2,0,2.2,Interoceptive,Interoceptive,2.2,1.944444444,50
74,Verb,NA,Native,6018,fureru,1.272727273,3.090909091,4.454545455,0.727272727,1.363636364,3.272727273,Haptic,Haptic,4.454545455,2,26.28205128
354,Adjective,NA,Native,13779,fukai,2.8,4.4,3.3,2.1,1,4,Visual,Visual,4.4,2,19.31818182
76,Ideophone,Reduplicated,Ideophonic,6,kebakeba,1.1,4,4.2,1.1,0.3,1.5,Haptic,Haptic,4.2,2,31.96721311
355,Noun,NA,Native,4656,matsuri,3.7,4.2,1.5,1.8,2,2.6,Visual,Visual,4.2,2,17.08860759
357,Verb,NA,Native,10538,shiraberu,3.181818182,4.181818182,2.909090909,2.181818182,2.454545455,2.090909091,Visual,Visual,4.181818182,2,12.29946524
21,Noun,NA,Native,8737,hajime,3,2.6,1.1,0.7,0.8,2.5,Auditory,Auditory,3,2,21.4953271
23,Verb,NA,Native,3550,tsubuyaku,4,1.3,0.5,0.2,0.2,2.4,Auditory,Auditory,4,2,44.18604651
41,Adjective,NA,Native,1771,mazui,0.8,2.1,0.7,5,2.9,2.3,Gustatory,Gustatory,5,2,31.15942029
75,Verb,NA,Native,1849,hikidasu,1.363636364,2.818181818,3.454545455,1.090909091,0.636363636,2,Haptic,Haptic,3.454545455,2,24.80000001
141,Noun,NA,Native,2166,naka,1.416666667,2.916666667,2.25,0.5,0.75,3.583333333,Interoceptive,Interoceptive,3.583333333,2,27.00729927
142,Verb,NA,Native,10613,neru,0.8,2.1,0.8,0,0.1,4.4,Interoceptive,Interoceptive,4.4,2,53.65853659
232,Noun,NA,Loaned,5603,tabako,0.75,2.75,1.833333333,2.333333333,4.416666667,1.916666667,Olfactory,Olfactory,4.416666667,2,26.19047619
353,Verb,NA,Native,5993,chiru,1.7,3.3,0.8,0.2,0.5,1.4,Visual,Visual,3.3,2,39.24050633
22,Ideophone,Reduplicated,Ideophonic,12,pokupoku,2.9,1.7,1.1,0.8,0.4,1.6,Auditory,Auditory,2.9,2,29.41176471
77,Verb,NA,Native,40242,tsuku,1.363636364,1.818181818,2.090909091,0.454545455,1.181818182,1.909090909,Haptic,Haptic,2.090909091,2,18.55670103
140,Noun,NA,Sino-Japanese,12438,hogo,0.6,2.5,2.2,0.2,0.3,2.7,Interoceptive,Interoceptive,2.7,2,29.41176471
143,Function_word,NA,Native,43,sate,0.7,0.4,0.1,0.3,0.1,1.2,Interoceptive,Interoceptive,1.2,2,39.28571429
144,Verb,NA,Native,5875,shitagau,1.615384615,1.615384615,0.769230769,0.461538462,0.461538462,2.615384615,Interoceptive,Interoceptive,2.615384615,2,28.57142856
356,Verb,NA,Native,484861,naru,1.1,1.9,1.3,1,0.9,1.6,Visual,Visual,1.9,2,12.82051282
358,Verb,NA,Native,12046,susumeru,1.153846154,2.769230769,1.384615385,0.692307692,0.615384615,2.384615385,Visual,Visual,2.769230769,2,23.93162393
359,Verb,NA,Native,9309,yameru,2.3,2.8,2,0.7,0.8,2.4,Visual,Visual,2.8,2,19.09090909
139,Verb,NA,Native,6909,tsunagaru,1.2,2.5,2.4,0.2,0.7,3,Interoceptive,Interoceptive,3,2.058823529,28
352,Verb,NA,Native,10919,sumu,1,2.4,1.2,0.3,0.7,2.3,Visual,Visual,2.4,2.0625,26.58227848
351,Adjective,NA,Native,5720,yutakana,3,4.272727273,3.454545455,3.272727273,2.636363636,3.181818182,Visual,Visual,4.272727273,2.076923077,8.256880737
138,Function_word,NA,Native,30491,mada,1.7,2,0.7,0.3,0.4,2.6,Interoceptive,Interoceptive,2.6,2.076923077,29.87012987
231,Adjective,NA,Native,2053,kusai,0.846153846,1.846153846,1.307692308,2.538461538,4.923076923,2.615384615,Olfactory,Olfactory,4.923076923,2.083333333,28.96174864
20,Function_word,NA,Native,"652,699",masu,3.181818182,1.363636364,0.636363636,0.363636364,0.454545455,0.818181818,Auditory,Auditory,3.181818182,2.090909091,41.33333333
350,Function_word,NA,Native,272773,kono,2.1,3,2.2,1.5,1.1,1.6,Visual,Visual,3,2.090909091,16.52173913
349,Noun,NA,Native,9473,kubi,1.3,4.4,3.7,0.2,0.5,3.6,Visual,Visual,4.4,2.1,30.65693431
137,Verb,NA,Native,4658,tsukareru,2.2,3.4,2.3,0.8,1.4,4.7,Interoceptive,Interoceptive,4.7,2.1,26.35135135
348,Adjective,NA,Native,1767,mazushii,1.333333333,3.166666667,1.166666667,1.916666667,1.083333333,2.833333333,Visual,Visual,3.166666667,2.111111111,18.11594203
136,Verb,NA,Native,15356,shinu,1.8,4.1,2,0.5,1.4,4.2,Interoceptive,Interoceptive,4.2,2.117647059,26.42857143
213,Adjective,NA,Native,7239,hageshii,3.3,3.3,1.4,0.7,0.7,2.5,"Auditory, Visual",NA,3.3,2.117647059,21.8487395
73,Verb,NA,Native,78996,motsu,0.4,3,4.1,0,0,2.7,Haptic,Haptic,4.1,2.125,40.19607843
345,Noun,NA,Loaned,4563,garasu,2.181818182,4,3.818181818,0.090909091,0.090909091,1.272727273,Visual,Visual,4,2.125,34.12698412
135,Adjective,NA,Native,1388,munashii,1.7,2.3,0.8,0.3,0.4,4.8,Interoceptive,Interoceptive,4.8,2.125,43.68932039
346,Noun,NA,Native,13350,kane,1.833333333,3.916666667,2.833333333,0.416666667,1.5,2.083333333,Visual,Visual,3.916666667,2.125,27.81456954
347,Verb,NA,Native,20142,yomu,1.7,4.7,1,0.1,0.3,1.8,Visual,Visual,4.7,2.125,47.91666667
269,Ideophone,Reduplicated,Ideophonic,293,chirachira,1.636363636,4.090909091,1.272727273,0.363636364,0.636363636,2,Visual,Visual,4.090909091,3.230769231,37.27272727
134,Noun,NA,Native,6745,nakama,1.7,3,1.5,0.1,0.7,3.5,Interoceptive,Interoceptive,3.5,2.142857143,32.38095238
343,Verb,NA,Native,2024,kuzureru,3.307692308,4.076923077,2.461538462,0.615384615,0.769230769,2.615384615,Visual,Visual,4.076923077,2.142857143,25
72,Adjective,NA,Native,4156,tsumetai,1.8,3.1,4.8,3.4,1.6,4.4,Haptic,Haptic,4.8,2.153846154,16.7539267
133,Adjective,NA,Native,4258,sabishii,2.4,3.4,1,0.4,0.2,4.3,Interoceptive,Interoceptive,4.3,2.153846154,35.04273504
341,Adjective,NA,Native,693,kewashii,1.5,3.5,1.916666667,0.416666667,0.666666667,3.5,Visual,Visual,3.5,2.153846154,26.8115942
236,Ideophone,Q-suffixed,Ideophonic,864,chiraQ,0.6,4.4,0.5,0,0.1,1.4,Visual,Visual,4.4,NA,62.85714286
340,Adjective,NA,Native,2294,harukana,1,3.2,0.2,0.2,0.4,2.3,Visual,Visual,3.2,2.153846154,41.09589041
237,Ideophone,Ri-suffixed,Ideophonic,695,chirari,1.1,4,0.8,0.2,0.4,0.7,Visual,Visual,4,NA,52.77777778
337,Adjective,NA,Native,5695,kurai,0.9,4.5,0.5,0.1,0.3,3.2,Visual,Visual,4.5,2.166666667,46.31578947
338,Adjective,NA,Native,14514,wakai,1.5,3.8,2.2,0.8,1.5,3.5,Visual,Visual,3.8,2.166666667,22.55639098
212,Function_word,NA,Native,"134,611",nani,2.6,2.6,1.8,1.3,1.9,2.2,"Auditory, Visual",NA,2.6,2.166666667,10.48387097
132,Adjective,NA,Native,1354,hetana,1.363636364,3,1.545454545,1.181818182,0.636363636,3.181818182,Interoceptive,Interoceptive,3.181818182,2.181818182,23.33333334
336,Verb,NA,Native,5726,kakageru,1.272727273,4.272727273,3.181818182,0.090909091,0.545454545,1.545454545,Visual,Visual,4.272727273,2.181818182,38.33333334
335,Verb,NA,Native,8492,tanoshimu,3.5,4.1,2.9,3,2.4,3.7,Visual,Visual,4.1,2.2,8.673469388
40,Noun,NA,Native,18181,kuchi,2.1,2.7,3,3.8,2.2,2.5,Gustatory,Gustatory,3.8,2.2,10.42944785
334,Verb,NA,Native,6457,suteru,2.1,4.2,3.1,1.3,1.4,2.3,Visual,Visual,4.2,2.2,20.13888889
333,Function_word,NA,Native,10277,dore,2.4,3.3,2.4,1.9,1.9,1.7,Visual,Visual,3.3,2.210526316,11.76470588
332,Verb,NA,Native,63451,yaru,3.1,3.4,2.4,0.6,0.7,3.3,Visual,Visual,3.4,2.214285714,20.74074074
331,Noun,NA,Native,16148,mono,2,4.333333333,4,1.416666667,1.666666667,1.833333333,Visual,Visual,4.333333333,2.214285714,19.12568306
131,Adjective,NA,Native,399,kimazui,1.6,2.5,1,0.5,1,3.7,Interoceptive,Interoceptive,3.7,2.222222222,31.06796117
330,Function_word,NA,Native,"55,566",rareru,2.1,3.1,2,0.7,0.4,2.1,Visual,Visual,3.1,2.222222222,25.96153846
328,Noun,NA,Native,11155,hikari,0.4,4.2,0.9,0.2,0.5,1,Visual,Visual,4.2,2.25,55.55555556
329,Noun,NA,Native,22050,saki,1.454545455,3.181818182,2.272727273,0.454545455,0.636363636,2.636363636,Visual,Visual,3.181818182,2.25,25.64102564
327,Adjective,NA,Native,2035,subayai,3.2,4.6,2.9,0.1,0.3,4,Visual,Visual,4.6,2.272727273,29.8013245
326,Verb,NA,Native,12253,sugiru,2.090909091,4,0.818181818,1.090909091,1.363636364,3.454545455,Visual,Visual,4,2.277777778,24.82269504
130,Adjective,NA,Native,755,majikana,1.5,3.2,1.6,0.2,0.8,3.2,Interoceptive,Interoceptive,3.2,2.285714286,28.57142857
324,Verb,NA,Native,13307,noru,1.272727273,3.818181818,2.727272727,0.090909091,0.545454545,3.363636364,Visual,Visual,3.818181818,2.3,31.53846154
325,Function_word,NA,Native,11555,yatsu,2.181818182,3.454545455,1.090909091,0.090909091,1.272727273,1.818181818,Visual,Visual,3.454545455,2.3,33.94495413
323,Verb,NA,Native,8448,fukumeru,1.636363636,2.363636364,1.454545455,1.272727273,1.181818182,1.454545455,Visual,Visual,2.363636364,2.3,12.62135922
19,Ideophone,N-suffixed,Ideophonic,29,petan,3.4,3.2,2.8,0.6,0.5,3.2,Auditory,Auditory,3.4,2.307692308,21.16788321
129,Adjective,NA,Native,27036,tsuyoi,1.8,2.3,2.3,0.9,0.7,2.6,Interoceptive,Interoceptive,2.6,2.3125,17.9245283
18,Noun,NA,Native,9069,mimi,4.363636364,3,3.090909091,0.090909091,0.545454545,3,Auditory,Auditory,4.363636364,2.333333333,30.32258065
321,Function_word,NA,Native,47725,boku,3.181818182,3.454545455,1.818181818,0.818181818,1.363636364,1.909090909,Visual,Visual,3.454545455,2.333333333,21.01449276
322,Verb,NA,Native,6463,dekakeru,1.7,3.2,2.4,0.5,1.4,3,Visual,Visual,3.2,2.333333333,22.13114754
71,Verb,NA,Native,9011,hiku,0.909090909,2.909090909,3,0.181818182,0.454545455,2.818181818,Haptic,Haptic,3,2.352941176,27.43362832
320,Noun,NA,Native,17024,haha,3.363636364,3.727272727,2.454545455,1.727272727,2.181818182,2.545454545,Visual,Visual,3.727272727,2.357142857,12.5
70,Adjective,NA,Loaned,5406,sofutona,1.230769231,2,3.615384615,1.615384615,1.076923077,2.461538462,Haptic,Haptic,3.615384615,2.363636364,21.15384615
319,Noun,NA,Native,5252,sakura,1.416666667,4.5,2.5,1.333333333,2.75,2.25,Visual,Visual,4.5,2.363636364,21.46892656
69,Verb,NA,Native,5759,matomeru,0.7,2.3,2.7,0.5,0.2,1.6,Haptic,Haptic,2.7,2.363636364,31.25
211,Adjective,NA,Native,14583,omoi,2,3.454545455,3.909090909,1.090909091,1.181818182,3.909090909,"Haptic, Interoceptive",NA,3.909090909,2.375,18.12865497
17,Ideophone,Reduplicated,Ideophonic,13,kishikishi,4.4,2.3,4,1.3,0.1,3.7,Auditory,Auditory,4.4,2.384615385,27.21518987
318,Adjective,NA,Native,435,kiyoi,2.363636364,3.727272727,1.363636364,0.727272727,1.363636364,2.545454545,Visual,Visual,3.727272727,2.384615385,24.81203008
16,Verb,NA,Native,55020,kiku,5,1.083333333,0.5,0.083333333,0.166666667,2.916666667,Auditory,Auditory,5,2.388888889,50.42735043
316,Verb,NA,Native,4033,tsutawaru,4.1,4.2,4,2.6,2.3,3.8,Visual,Visual,4.2,2.4,9.047619048
317,Noun,NA,Native,17435,yoru_night,2,4.636363636,0.545454545,0.545454545,1.272727273,3.181818182,Visual,Visual,4.636363636,2.4,33.58208956
344,Ideophone,Reduplicated,Ideophonic,40,chirochiro,2.230769231,2.307692308,1.384615385,0.615384615,0.615384615,1.538461538,Visual,Visual,2.307692308,2.133333333,19.46902656
315,Verb,NA,Native,5462,nagameru,0.4,5,0.3,0,0.2,1.6,Visual,Visual,5,2.4,66.66666667
313,Function_word,NA,Native,"33,034",doko,2.538461538,3.461538462,1.384615385,0.615384615,1.384615385,2.615384615,Visual,Visual,3.461538462,2.421052632,23.71794873
312,Adjective,NA,Native,5342,yowai,3,3.636363636,3.272727273,2,1.727272727,3.181818182,Visual,Visual,3.636363636,2.428571429,11.35135135
311,Verb,NA,Native,17903,tatsu,2.272727273,4.727272727,2.727272727,0.636363636,0.545454545,2.909090909,Visual,Visual,4.727272727,2.428571429,30.2631579
310,Noun,NA,Native,15823,mise,1.7,3.8,0.8,2,1.4,1.4,Visual,Visual,3.8,2.444444444,27.02702703
128,Adjective,NA,Native,12472,tanoshii,3.818181818,4,3,2.545454545,2.181818182,4.181818182,Interoceptive,Interoceptive,4.181818182,2.454545455,10.13824885
309,Noun,NA,Loaned,5168,purasu,2.2,3.1,1.3,0.5,0.4,3,Visual,Visual,3.1,2.454545455,25.71428571
307,Noun,NA,Native,10282,kuro,0.9,4.9,0.5,0.9,0.8,2.2,Visual,Visual,4.9,2.5,43.1372549
308,Verb,NA,Native,2094,mimamoru,0.8,4,0.7,0,0,1.3,Visual,Visual,4,2.5,58.82352941
126,Adjective,NA,Native,705,mijimena,1.923076923,2.307692308,1.076923077,0.692307692,0.769230769,2.769230769,Interoceptive,Interoceptive,2.769230769,2.5,21.77419355
127,Ideophone,N-suffixed,Ideophonic,24,shobon,2.3,2.1,0.6,0.1,0.1,2.9,Interoceptive,Interoceptive,2.9,2.5,34.56790123
68,Noun,NA,Native,11112,tsuchi,1,4.181818182,4.272727273,0.454545455,3.272727273,1.545454545,Haptic,Haptic,4.272727273,2.526315789,25.92592592
210,Adjective,NA,Native,7413,sukina,3.818181818,4.181818182,3.545454545,4.090909091,3.272727273,4.181818182,"Visual, Interoceptive",NA,4.181818182,2.538461538,3.937007874
305,Adjective,NA,Native,19634,hayai,2.909090909,4.090909091,1.909090909,0.636363636,1.090909091,3.909090909,Visual,Visual,4.090909091,2.538461538,23.75
125,Adjective,NA,Native,1713,kuyashii,2.166666667,2.583333333,0.833333333,0.5,0.166666667,4.25,Interoceptive,Interoceptive,4.25,2.538461538,38.88888889
306,Adjective,NA,Native,10769,hiroi,1.9,4.3,1.5,0,0.4,2.9,Visual,Visual,4.3,2.538461538,39.09090909
303,Adjective,NA,Native,7518,hidoi,1.2,3.1,1,1.5,1.1,2.7,Visual,Visual,3.1,2.545454545,19.81132075
304,Noun,NA,Native,6309,minami,1.3,4.1,1.4,0.8,0.9,2.5,Visual,Visual,4.1,2.545454545,30
302,Noun,NA,Native,9191,natsu,3,4.076923077,2.153846154,2.307692308,2.461538462,4,Visual,Visual,4.076923077,2.555555556,10.68376068
301,Verb,NA,Native,5412,furu,2.6,3.4,3.3,0.6,0.6,2.2,Visual,Visual,3.4,2.555555556,22.04724409
124,Verb,NA,Native,19233,mitomeru,2.363636364,2.909090909,1.090909091,0.363636364,0.454545455,3.545454545,Interoceptive,Interoceptive,3.545454545,2.555555556,29.66101694
123,Adjective,NA,Native,581,medetai,2.545454545,2.727272727,1.272727273,0.727272727,0.545454545,2.909090909,Interoceptive,Interoceptive,2.909090909,2.555555556,22.03389831
299,Adjective,NA,Native,3892,migotona,3,4.2,2.2,2,1.4,3.2,Visual,Visual,4.2,2.5625,17.5
300,Verb,NA,Native,141739,miru,1.454545455,4.909090909,0.909090909,1,1.181818182,3.181818182,Visual,Visual,4.909090909,2.5625,31.65467626
122,Verb,NA,Native,3609,takamaru,2.909090909,3.545454545,2.363636364,1.909090909,2.181818182,4,Interoceptive,Interoceptive,4,2.571428571,12.3655914
39,Verb,NA,Native,19749,nomu,1.6,2.8,2.2,4.5,2,3.7,Gustatory,Gustatory,4.5,2.583333333,17.26190476
298,Verb,NA,Native,8137,tomeru,2.3,3.2,2.2,0.6,0.5,2.5,Visual,Visual,3.2,2.6,23.89380531
121,Adjective,NA,Native,8042,yasashii,3,3.727272727,2.636363636,1.636363636,1.363636364,3.727272727,Interoceptive,Interoceptive,3.727272727,2.625,14.68926553
120,Verb,NA,Native,13168,kimeru,1.3,1.6,1.3,1.2,0.7,3.4,Interoceptive,Interoceptive,3.4,2.625,28.42105263
297,Verb,NA,Native,13114,sadameru,1.4,2.4,0.5,0.1,0.2,1.3,Visual,Visual,2.4,2.625,38.98305085
294,Verb,NA,Native,36923,kaku,1.727272727,4.272727273,3.454545455,0,0.181818182,3.181818182,Visual,Visual,4.272727273,2.642857143,33.33333333
295,Function_word,NA,Native,55410,koko,2.181818182,3.818181818,1.727272727,1.090909091,1.181818182,2,Visual,Visual,3.818181818,2.642857143,22.72727273
296,Noun,NA,Native,11672,moji,1.545454545,4.636363636,1.363636364,0.090909091,0.181818182,1.454545455,Visual,Visual,4.636363636,2.642857143,49.01960784
67,Verb,NA,Native,5321,sodateru,2,3.5,3.8,1.2,1.6,3.5,Haptic,Haptic,3.8,2.666666667,16.66666667
118,Verb,NA,Native,2092,kurushimu,2.1,3.1,1.4,0.9,1.2,4.3,Interoceptive,Interoceptive,4.3,2.666666667,26.15384615
119,Ideophone,Ri-suffixed,Ideophonic,57,yururi,1.2,1.9,1,0.4,0.1,2.3,Interoceptive,Interoceptive,2.3,2.666666667,31.88405797
293,Verb,NA,Native,3984,hirogeru,1.5,3.9,2,0.2,0.6,2.4,Visual,Visual,3.9,2.692307692,34.90566038
66,Verb,NA,Native,10881,mamoru,1.4,2.7,2.9,0.4,1,1.9,Haptic,Haptic,2.9,2.714285714,24.27184466
15,Noun,NA,Native,37541,kotoba,4.545454545,3.636363636,1.090909091,1.181818182,1.090909091,2,Auditory,Auditory,4.545454545,2.727272727,25.5033557
117,Verb,NA,Native,4148,nareru,2,2.666666667,2.166666667,1.916666667,1.75,4.083333333,Interoceptive,Interoceptive,4.083333333,2.727272727,16
14,Ideophone,Reduplicated,Ideophonic,16,potopoto,3.4,3,2.6,0.8,0.7,2.3,Auditory,Auditory,3.4,2.75,21.09375
292,Noun,NA,Native,10084,chikaku,3.2,3.5,2.5,0.4,2.1,3,Visual,Visual,3.5,2.769230769,21.08843537
116,Adjective,NA,Native,6081,samui,1.2,2.7,2.8,0.6,1.2,3.6,Interoceptive,Interoceptive,3.6,2.769230769,24.79338843
291,Verb,NA,Native,2059,fukuramu,1.6,3.7,3.6,0.6,0.5,2.7,Visual,Visual,3.7,2.785714286,25.19685039
13,Ideophone,Reduplicated,Ideophonic,47,kerakera,3,2.6,0.1,0.1,0.1,2.6,Auditory,Auditory,3,2.785714286,34.11764706
115,Adjective,NA,Native,8413,kibishii,1.6,2.1,0.4,0.1,0.5,2.6,Interoceptive,Interoceptive,2.6,2.8,34.24657534
290,Adjective,NA,Native,2739,futoi,0.7,4.1,3.7,0.6,0.3,3,Visual,Visual,4.1,2.818181818,30.64516129
65,Adjective,NA,Native,2470,surudoi,2.9,3.9,4.6,1.6,2.6,3.2,Haptic,Haptic,4.6,2.823529412,15.95744681
289,Noun,NA,Native,19152,hana,0.8,4.3,3.2,0.8,3.6,1.6,Visual,Visual,4.3,2.857142857,24.47552448
114,Adjective,NA,Native,493,nezuyoi,0.7,2.2,0.9,0.4,0.5,2.4,Interoceptive,Interoceptive,2.4,2.875,28.16901408
260,Ideophone,Reduplicated,Ideophonic,13,chokichoki,3.636363636,3.909090909,2.727272727,0,0.272727273,3.272727273,Visual,Visual,3.909090909,3.538461538,28.28947368
12,Ideophone,Reduplicated,Ideophonic,24,pokipoki,4.3,2.9,4.2,1.1,0.1,3.4,Auditory,Auditory,4.3,2.904761905,26.25
113,Adjective,NA,Native,1288,suzushii,2.363636364,3,4,1.363636364,0.818181818,4.181818182,Interoceptive,Interoceptive,4.181818182,2.909090909,21.38728324
64,Adjective,NA,Native,619,hiratai,0.4,4.1,4.3,1.8,0.7,2.4,Haptic,Haptic,4.3,2.909090909,28.46715328
112,Adjective,NA,Native,12095,damena,2.5,2.583333333,1.5,1.333333333,1.666666667,3.5,Interoceptive,Interoceptive,3.5,2.909090909,16.56050956
238,Ideophone,CVCCVri,Ideophonic,573,choppiri,1.9,2.5,1.3,1.8,1.7,1.9,Visual,Visual,2.5,NA,10.81081081
286,Function_word,NA,Native,"194,547",kore,2.454545455,2.818181818,2,0.727272727,1.272727273,1.727272727,Visual,Visual,2.818181818,2.95,19.00826446
283,Adjective,NA,Native,3457,hosoi,1,4.7,4.4,0.5,0.5,3.3,Visual,Visual,4.7,3,29.16666667
281,Adjective,NA,Native,942,dekai,2.2,4.6,2.4,0.4,0.6,2.8,Visual,Visual,4.6,3,32.30769231
282,Noun,NA,Native,65822,hoka,2.6,3.1,1.5,1.5,1.6,1.4,Visual,Visual,3.1,3,14.52991453
284,Adjective,NA,Native,620,minikui,1.7,4.8,1.2,0.3,0.8,2.3,Visual,Visual,4.8,3,40.54054054
11,Adjective,NA,Native,2152,kasukana,2.5,1.9,1.8,1.9,2.1,1.5,Auditory,Auditory,2.5,3,8.547008547
285,Noun,NA,Native,27752,tsugi,1.6,2.5,0.6,0.2,0.1,1.9,Visual,Visual,2.5,3,34.7826087
110,Ideophone,Q-suffixed,Ideophonic,7,bikuQ,1.4,2.3,3.1,0.4,0.7,3.7,Interoceptive,Interoceptive,3.7,3.052631579,28.44827586
111,Ideophone,Reduplicated,Ideophonic,10,gujiguji,2.1,2.3,1.9,1,0.9,2.5,Interoceptive,Interoceptive,2.5,3.052631579,14.95327103
280,Noun,NA,Native,14660,shiro,1.272727273,5,0.727272727,0.909090909,0.727272727,0.818181818,Visual,Visual,5,3.071428571,45.1923077
278,Verb,NA,Native,13075,kiru_cut,3.2,3.8,3.5,0.3,0.7,1.9,Visual,Visual,3.8,3.083333333,26.11940299
279,Adjective,NA,Native,8692,shiroi,0.8,4.7,1,0.9,0.5,1,Visual,Visual,4.7,3.083333333,47.19101124
277,Function_word,NA,Native,"124,783",dake,1.1,1.5,0.3,0.2,0.3,1.4,Visual,Visual,1.5,3.090909091,27.08333333
109,Ideophone,N-suffixed,Ideophonic,110,pokan,1,3.1,1.1,0.3,0.2,3.3,Interoceptive,Interoceptive,3.3,3.1,34.44444444
38,Adjective,NA,Native,821,nigai,1.2,2.5,0.9,4.5,3.1,3.5,Gustatory,Gustatory,4.5,3.117647059,22.92993631
63,Adjective,NA,Native,7970,karui,1.384615385,2.384615385,3.538461538,1.384615385,0.923076923,3.076923077,Haptic,Haptic,3.538461538,3.125,20.6060606
276,Adjective,NA,Native,2481,marui,0.692307692,4.307692308,3.384615385,1,0.461538462,1.923076923,Visual,Visual,4.307692308,3.142857143,32.67973856
275,Adjective,NA,Native,4771,semai,0.6,4.3,2,0,0,2.9,Visual,Visual,4.3,3.181818182,43.87755102
62,Ideophone,Reduplicated,Ideophonic,480,butsubutsu,2.181818182,3.818181818,4.636363636,1.727272727,0.545454545,3.454545455,Haptic,Haptic,4.636363636,3.2,25
274,Verb,NA,Native,5435,tobu,2.1,4.3,1.6,0.2,0.3,2.4,Visual,Visual,4.3,3.2,37.6146789
396,Ideophone,Reduplicated,Ideophonic,11,debudebu,1.5,4,2.7,0.4,0.9,2.2,Visual,Visual,4,1.65,30.76923077
273,Adjective,NA,Native,38608,takai,1.5,4.2,1,0,0.6,3,Visual,Visual,4.2,3.230769231,40.77669903
239,Ideophone,CVCCVri,Ideophonic,307,gakkari,3.1,4.1,1.4,2.2,1.6,3.8,Visual,Visual,4.1,NA,16.66666667
270,Adjective,NA,Native,1082,kashikoi,1.9,2.7,0.5,0.8,0.6,1.7,Visual,Visual,2.7,3.230769231,26.82926829
271,Adjective,NA,Sino-Japanese,3849,mudana,1.2,2.8,0.6,0.7,0.6,2.3,Visual,Visual,2.8,3.230769231,26.82926829
268,Verb,NA,Native,7826,nagareru,3.7,4.6,3.7,1.5,1.3,2.2,Visual,Visual,4.6,3.25,19.41176471
61,Adjective,NA,Native,3112,katai,2.363636364,3.454545455,4.909090909,2,0.454545455,2.818181818,Haptic,Haptic,4.909090909,3.272727273,27.84090909
10,Ideophone,Reduplicated,Ideophonic,41,boribori,3.7,2.1,3,1.6,0.4,2.3,Auditory,Auditory,3.7,3.294117647,25.19083969
383,Ideophone,N-suffixed,Ideophonic,197,garan,2.538461538,3.538461538,1.307692308,0.307692308,0.923076923,2,Visual,Visual,3.538461538,1.75,30.4347826
266,Verb,NA,Native,4180,kasaneru,2.2,4,3.5,1.7,0.7,2.8,Visual,Visual,4,3.3,22.14765101
367,Ideophone,Ri-suffixed,Ideophonic,210,garari,1.454545455,3.545454545,0.727272727,0.636363636,0.545454545,1.727272727,Visual,Visual,3.545454545,1.888888889,34.73684211
8,Ideophone,Reduplicated,Ideophonic,40,kachakacha,4.2,2,2.3,0,0,1.9,Auditory,Auditory,4.2,3.333333333,40.38461538
9,Function_word,NA,Native,"16,751",nomi,2.181818182,1.818181818,1.090909091,0.818181818,0.818181818,1.818181818,Auditory,Auditory,2.181818182,3.333333333,15.95744681
108,Ideophone,Ri-suffixed,Ideophonic,66,dokiri,3,2.9,2.3,0.4,0.6,4.7,Interoceptive,Interoceptive,4.7,3.357142857,30.9352518
264,Verb,NA,Native,7570,tateru,2.2,4.3,3.4,0.9,0.5,3.2,Visual,Visual,4.3,3.384615385,26.20689655
263,Verb,NA,Native,2433,tobidasu,2.6,4.6,3.2,0.5,0.3,3.3,Visual,Visual,4.6,3.4,29.65517241
7,Ideophone,N-suffixed,Ideophonic,56,gatan,4.6,2.3,2.3,0.1,0,1.3,Auditory,Auditory,4.6,3.411764706,43.39622642
60,Ideophone,Reduplicated,Ideophonic,61,fusafusa,1.909090909,3.727272727,4.090909091,0.454545455,0.363636364,2,Haptic,Haptic,4.090909091,3.416666667,29.71014492
59,Ideophone,Reduplicated,Ideophonic,201,dorodoro,1.5,3,3.9,1.9,1.1,2.4,Haptic,Haptic,3.9,3.428571429,20.28985507
265,Ideophone,Reduplicated,Ideophonic,10,gushogusho,2.181818182,4.454545455,4.272727273,0.909090909,1.545454545,2.818181818,Visual,Visual,4.454545455,3.333333333,21.91011236
262,Adjective,NA,Native,885,mabushii,0.4,4.8,0.7,0.2,0.7,2.8,Visual,Visual,4.8,3.444444444,47.91666667
58,Ideophone,Reduplicated,Ideophonic,25,togetoge,1,3.727272727,4.636363636,0.636363636,0.545454545,3.272727273,Haptic,Haptic,4.636363636,3.454545455,29.60526316
6,Ideophone,Reduplicated,Ideophonic,6,bachabacha,4.9,3.9,3.8,0.6,0.2,3.4,Auditory,Auditory,4.9,3.5,27.97619048
314,Ideophone,Ri-suffixed,Ideophonic,34,harari,2,3.4,2.1,0.1,0.2,2,Visual,Visual,3.4,2.4,33.67346939
107,Adjective,NA,Native,12723,sugoi,3.454545455,3.636363636,2.363636364,2.181818182,1.909090909,4.272727273,Interoceptive,Interoceptive,4.272727273,3.571428571,13.26530612
106,Adjective,NA,Native,2132,nemui,1.363636364,2.545454545,1.363636364,0.363636364,0.545454545,4.818181818,Interoceptive,Interoceptive,4.818181818,3.583333333,40.49586776
105,Ideophone,Ri-suffixed,Ideophonic,40,hiyari,1,2.8,3.9,3.4,1.3,4,Interoceptive,Interoceptive,4,3.615384615,18.29268293
240,Ideophone,CVCCVri,Ideophonic,1468,jikkuri,3,4.3,3.1,3,1.6,2.5,Visual,Visual,4.3,NA,15.42857143
57,Ideophone,Reduplicated,Ideophonic,62,nebaneba,1.615384615,3.846153846,4.076923077,2.307692308,1.230769231,3,Haptic,Haptic,4.076923077,3.733333333,17.70334928
5,Ideophone,Reduplicated,Ideophonic,38,dotadota,3.7,2.6,0.5,0.1,0.2,1.5,Auditory,Auditory,3.7,3.777777778,41.86046512
56,Ideophone,Ri-suffixed,Ideophonic,47,tsururi,1.818181818,3.090909091,3.909090909,2.727272727,0.454545455,3.090909091,Haptic,Haptic,3.909090909,3.8,22.89156626
55,Ideophone,Reduplicated,Ideophonic,36,funyafunya,2.2,3.1,3.6,0.8,0.6,2.2,Haptic,Haptic,3.6,3.833333333,24
54,Ideophone,Reduplicated,Ideophonic,87,shakishaki,3.545454545,3.090909091,3.818181818,2.909090909,1.090909091,2.454545455,Haptic,Haptic,3.818181818,3.85,16.12903226
493,Ideophone,Ri-suffixed,Ideophonic,51,karari,2.4,2.6,1.8,1.1,0.3,2.4,Visual,Visual,2.6,0.428571429,21.69811321
1,Ideophone,Reduplicated,Ideophonic,382,batabata,4.2,4,3,0.5,0.5,3.7,Auditory,Auditory,4.2,NA,23.27044025
3,Ideophone,Q-suffixed,Ideophonic,1687,saQ,4.3,3.9,3.6,0.3,0.6,3.2,Auditory,Auditory,4.3,NA,25.1572327
209,Ideophone,CVCCVri,Ideophonic,1259,bikkuri,4.090909091,4.090909091,3.181818182,2,1.636363636,3.818181818,"Auditory, Visual",NA,4.090909091,NA,13.04347826
241,Ideophone,Q-suffixed,Ideophonic,2,kichiQ,1.8,3.4,1.7,0.8,0.9,2.4,Visual,Visual,3.4,NA,23.63636364
242,Ideophone,Reduplicated,Ideophonic,789,kirakira,3.2,4.7,1,0.6,0.6,1.3,Visual,Visual,4.7,NA,35.96491228
4,Ideophone,Q-suffixed,Ideophonic,638,suQ,3.5,3.2,2.7,1.3,1.7,3.2,Auditory,Auditory,3.5,NA,14.1025641
49,Ideophone,Reduplicated,Ideophonic,414,fuwafuwa,1.1,3.4,4.2,1.1,0.8,3.2,Haptic,Haptic,4.2,NA,24.63768116
50,Ideophone,Q-suffixed,Ideophonic,482,gyuQ,2.272727273,3.272727273,4.636363636,0.454545455,0.727272727,3.818181818,Haptic,Haptic,4.636363636,NA,27.54491017
86,Ideophone,Reduplicated,Ideophonic,437,daradara,2.090909091,3.545454545,3.090909091,0.636363636,0.636363636,3.636363636,Interoceptive,Interoceptive,3.636363636,NA,22
97,Ideophone,CVCCVri,Ideophonic,1630,nonbiri,3.181818182,3.818181818,2.272727273,0.818181818,1.272727273,4.181818182,Interoceptive,Interoceptive,4.181818182,NA,21.6374269
104,Ideophone,CVCCVri,Ideophonic,1006,yuttari,3.454545455,3.363636364,1.727272727,0.727272727,1.181818182,4.363636364,Interoceptive,Interoceptive,4.363636364,NA,24.5398773
243,Ideophone,CVCCVri,Ideophonic,812,kitchiri,0.9,2.9,1.3,0.4,0.6,2.5,Visual,Visual,2.9,NA,29.06976744
259,Ideophone,Ri-suffixed,Ideophonic,53,korori,2.2,3.8,2.6,0.6,0.1,2.5,Visual,Visual,3.8,3.714285714,31.3559322
244,Ideophone,CVCCVri,Ideophonic,970,kossori,3.2,3.3,1.9,1,0.8,2.7,Visual,Visual,3.3,NA,19.37984496
37,Ideophone,CVCCVri,Ideophonic,1421,sappari,1.1,2,2.4,3.3,1.2,3,Gustatory,Gustatory,3.3,NA,16.92307692
51,Ideophone,CVCCVri,Ideophonic,73,pittari,1.2,3.2,3.5,0.8,0.6,1.9,Haptic,Haptic,3.5,NA,25.89285714
53,Ideophone,CVCCVri,Ideophonic,497,shittori,1.909090909,3.545454545,4.636363636,2.272727273,1.272727273,2.727272727,Haptic,Haptic,4.636363636,NA,20.55555555
85,Ideophone,CVCCVri,Ideophonic,1206,bonyari,1.7,3,1.1,1.6,1,3,Interoceptive,Interoceptive,3,NA,17.54385965
87,Ideophone,Reduplicated,Ideophonic,438,dokidoki,3.3,2.1,2.3,0.7,1.2,3.9,Interoceptive,Interoceptive,3.9,NA,23.7037037
90,Ideophone,Reduplicated,Ideophonic,1251,girigiri,1.916666667,3,1.833333333,0.583333333,0.75,4,Interoceptive,Interoceptive,4,NA,28.27586207
92,Ideophone,Reduplicated,Ideophonic,723,guruguru,1.666666667,4,1.583333333,0.666666667,0.416666667,4.083333333,Interoceptive,Interoceptive,4.083333333,NA,29.53020134
94,Ideophone,Q-suffixed,Ideophonic,2147,hoQ,3.6,2.7,1.8,1.4,0.7,4.6,Interoceptive,Interoceptive,4.6,NA,26.35135135
95,Ideophone,Reduplicated,Ideophonic,558,iraira,2.3,3,0.9,0.5,1.3,4.3,Interoceptive,Interoceptive,4.3,NA,30.89430894
102,Ideophone,CVCCVri,Ideophonic,354,uttori,2.769230769,3.384615385,1.846153846,2.230769231,2.076923077,3.692307692,Interoceptive,Interoceptive,3.692307692,NA,11.53846154
103,Ideophone,Reduplicated,Ideophonic,526,wakuwaku,2.666666667,3.666666667,1.666666667,1.5,1.5,3.833333333,Interoceptive,Interoceptive,3.833333333,NA,15.73033708
245,Ideophone,CVCCVri,Ideophonic,473,kukkiri,3,4.7,2.4,1.6,1.8,3.3,Visual,Visual,4.7,NA,18.45238095
246,Ideophone,Reduplicated,Ideophonic,531,kurukuru,1.8,3.8,2.3,0.2,0.1,2.8,Visual,Visual,3.8,NA,33.63636364
261,Ideophone,N-suffixed,Ideophonic,218,kyoton,1,3.181818182,0.363636364,0,0.454545455,3.181818182,Visual,Visual,3.181818182,3.444444444,38.88888889
247,Ideophone,Reduplicated,Ideophonic,799,mechakucha,3.454545455,4.181818182,2.363636364,1.545454545,1.727272727,2.363636364,Visual,Visual,4.181818182,NA,16.86046512
248,Ideophone,CVCCVri,Ideophonic,825,nikkori,1.1,4.8,0.3,0.1,0,1.9,Visual,Visual,4.8,NA,58.53658537
36,Ideophone,CVCCVri,Ideophonic,1202,assari,1.363636364,1.636363636,1.181818182,4,1.454545455,2.272727273,Gustatory,Gustatory,4,NA,23.66412213
52,Ideophone,Reduplicated,Ideophonic,516,sarasara,2.230769231,2.923076923,4.076923077,0.923076923,0.615384615,2.769230769,Haptic,Haptic,4.076923077,NA,25.56818182
88,Ideophone,Reduplicated,Ideophonic,408,furafura,0.818181818,2.818181818,1.181818182,0,0.454545455,3.454545455,Interoceptive,Interoceptive,3.454545455,NA,39.58333334
99,Ideophone,CVCCVri,Ideophonic,969,sukkiri,2,2.846153846,1.692307692,2.692307692,2.153846154,3.692307692,Interoceptive,Interoceptive,3.692307692,NA,13.26530612
100,Ideophone,CVCCVri,Ideophonic,629,ukkari,0.846153846,1.384615385,0.923076923,0.615384615,0.615384615,3,Interoceptive,Interoceptive,3,NA,32.29166667
101,Ideophone,CVCCVri,Ideophonic,672,unzari,2.909090909,2.818181818,0.909090909,1.272727273,0.636363636,3.454545455,Interoceptive,Interoceptive,3.454545455,NA,23.48484849
249,Ideophone,Reduplicated,Ideophonic,431,nikoniko,3.4,4.4,2.4,1.7,1.2,4.1,Visual,Visual,4.4,NA,18.60465116
469,Ideophone,Ri-suffixed,Ideophonic,25,nosori,1.2,2.5,1,0.1,0.2,2.1,Visual,Visual,2.5,0.9,33.8028169
250,Ideophone,Q-suffixed,Ideophonic,18,paQ,3.727272727,4.272727273,2.181818182,1.363636364,1,2.545454545,Visual,Visual,4.272727273,NA,21.68674699
342,Ideophone,Ri-suffixed,Ideophonic,32,parari,2.6,2.9,2.2,1.1,0.3,1.4,Visual,Visual,2.9,2.153846154,24.76190476
454,Ideophone,Ri-suffixed,Ideophonic,12,pikari,2,4.727272727,0.636363636,0.181818182,0.272727273,1.727272727,Visual,Visual,4.727272727,1.090909091,47.61904762
251,Ideophone,Ri-suffixed,Ideophonic,464,pitari,1.153846154,3.230769231,2.461538462,0.692307692,0.769230769,2.538461538,Visual,Visual,3.230769231,NA,23.40425532
258,Ideophone,N-suffixed,Ideophonic,307,potsun,3,4.3,2.5,0.3,0.4,4.1,Visual,Visual,4.3,4.076923077,27.39726027
252,Ideophone,other,Ideophonic,1171,sassa,1.545454545,2.363636364,1,0.272727273,0.363636364,1.818181818,Visual,Visual,2.363636364,NA,28.39506173
253,Ideophone,CVCCVri,Ideophonic,7921,shikkari,3.3,4,3.3,3.7,2.5,2.6,Visual,Visual,4,NA,7.731958763
272,Ideophone,Reduplicated,Ideophonic,8,shinashina,0.6,3.6,3.5,1.6,0.2,1.4,Visual,Visual,3.6,3.230769231,31.19266055
254,Ideophone,CVCCVri,Ideophonic,1222,sokkuri,2.090909091,4.636363636,2.363636364,2.090909091,1.636363636,2.818181818,Visual,Visual,4.636363636,NA,19.18604651
2,Ideophone,CVCCVri,Ideophonic,551,hissori,2.833333333,2.583333333,1.333333333,0.25,0.666666667,2.666666667,Auditory,Auditory,2.833333333,NA,25
89,Ideophone,Reduplicated,Ideophonic,58,futsufutsu,2.1,2.2,0.4,1,1.2,2.8,Interoceptive,Interoceptive,2.8,NA,24.74226804
91,Ideophone,Q-suffixed,Ideophonic,12,guQ,1.545454545,0.727272727,1.545454545,0.363636364,0.454545455,2.363636364,Interoceptive,Interoceptive,2.363636364,NA,28.57142857
93,Ideophone,CVCCVri,Ideophonic,9870,hakkiri,2.4,2.6,1.1,1.1,1.4,2.9,Interoceptive,Interoceptive,2.9,NA,15.65217391
96,Ideophone,CVCCVri,Ideophonic,714,kippari,1.909090909,1.181818182,0.545454545,0.090909091,0.272727273,2.636363636,Interoceptive,Interoceptive,2.636363636,NA,38.35616438
98,Ideophone,CVCCVri,Ideophonic,1872,sukkari,0.7,1.8,0.4,0.7,0.4,2.3,Interoceptive,Interoceptive,2.3,NA,30.15873016
255,Ideophone,CVCCVri,Ideophonic,2652,tappuri,1.3,3.5,2.7,1.3,1.2,2.7,Visual,Visual,3.5,NA,18.11023622
256,Ideophone,Reduplicated,Ideophonic,565,urouro,2.7,3.9,1.1,0,0.9,2.6,Visual,Visual,3.9,NA,34.82142857
267,Ideophone,Reduplicated,Ideophonic,27,wasawasa,3.5,4.333333333,4.166666667,0.5,1,3.833333333,Visual,Visual,4.333333333,3.3,22.11538461
257,Ideophone,CVCCVri,Ideophonic,8725,yukkuri,2.3,3.4,1.6,0.5,0.4,2.7,Visual,Visual,3.4,NA,27.52293578
